Workbook

Sheet Lisez-moi
A1: Dispositif de mesure de fertilité du sol — Modèle de base de données et d'analyse
A2: Connectivité ESP32 ↔ téléphone (BLE + Wi-Fi SoftAP) · Serveur centralisé · Analyse par campagne de mesure
A4: Ce classeur traduit en feuilles de calcul la structure de données proposée pour le projet :
A6: • Schema_BDD : description des tables et des champs du serveur (parcelles, campagnes, mesures, cultures de référence, analyses).
A7: • Parcelles, Campagnes, Mesures : exemples de données telles qu'elles seraient enregistrées par le serveur, à partir des relevés BLE de l'ESP32.
A8: • Cultures_reference : fiches agronomiques (plages optimales par culture) utilisées pour le calcul du score d'adéquation.
A9: • Analyses : calcul, par campagne et par culture candidate, de la moyenne des mesures, de l'hétérogénéité du sol, du score d'adéquation et des recommandations.
A11: Légende des couleurs :
A12: Texte bleu = valeur saisie manuellement (donnée d'entrée).
A13: Texte noir = résultat calculé par une formule (ne pas écraser).
A14: Fond jaune = hypothèse ou seuil agronomique à vérifier auprès du CNRA / FAO avant usage réel.
A16: Les valeurs des feuilles Parcelles / Campagnes / Mesures / Analyses sont des exemples illustratifs.
A17: Remplacez-les par les relevés réels : les formules de la feuille Analyses se recalculent automatiquement.

Sheet Schema_BDD
A1: Schéma de la base de données côté serveur
A3: Table | B3: Champ | C3: Type | D3: Description
A4: parcelles | B4: id | C4: entier (clé primaire) | D4: Identifiant unique de la parcelle
A5: parcelles | B5: nom | C5: texte | D5: Nom donné par l'utilisateur (ex. « Champ Nord »)
A6: parcelles | B6: utilisateur_id | C6: entier (clé étrangère) | D6: Propriétaire de la parcelle (compte planteur)
A7: campagnes | B7: id | C7: entier (clé primaire) | D7: Identifiant unique de la campagne de mesure
A8: campagnes | B8: parcelle_id | C8: entier (clé étrangère) | D8: Parcelle concernée
A9: campagnes | B9: date_debut | C9: date/heure | D9: Horodatage du premier point mesuré
A10: campagnes | B10: date_fin | C10: date/heure | D10: Horodatage de la fin de la campagne (saisi par l'utilisateur)
A11: campagnes | B11: cultures_candidates | C11: liste de textes | D11: Cultures à évaluer pour cette campagne (ex. igname, maïs, tomate)
A12: campagnes | B12: statut | C12: texte | D12: en_cours / terminee / analysee
A13: mesures | B13: id | C13: entier (clé primaire) | D13: Identifiant unique du point de mesure
A14: mesures | B14: campagne_id | C14: entier (clé étrangère) | D14: Campagne à laquelle rattacher ce point
... A38: analyses | B38: recommandations | C38: texte | D38: Apports ou corrections suggérés si le score n'est pas optimal

Sheet Parcelles
A1: Parcelles
A3: id | B3: nom | C3: utilisateur_id | D3: localite
A4: 1 | B4: Champ Nord | C4: 101 | D4: Yamoussoukro, zone de Lacs
A5: 2 | B5: Champ Sud (bas-fond) | C5: 101 | D5: Yamoussoukro, zone de Lacs

Sheet Campagnes
A1: Campagnes de mesure
A3: id | B3: parcelle_id | C3: nom_parcelle | D3: date_debut | E3: date_fin | F3: cultures_candidates | G3: statut
A4: 1 | B4: 1 | C4: =INDEX(Parcelles!$B$4:$B$5,MATCH(B4,Parcelles!$A$4:$A$5,0)) -> Champ Nord | D4: 2026-10-01 07:30 | E4: 2026-10-01 09:10 | F4: Igname, Maïs, Tomate | G4: analysee
A5: 2 | B5: 2 | C5: =INDEX(Parcelles!$B$4:$B$5,MATCH(B5,Parcelles!$A$4:$A$5,0)) -> Champ Sud (bas-fond) | D5: 2026-10-03 06:50 | E5: 2026-10-03 08:20 | F5: Riz pluvial, Banane plantain | G5: analysee

Sheet Mesures
A1: Points de mesure (relevés BLE/Wi-Fi de l'ESP32)
A3: id | B3: campagne_id | C3: horodatage | D3: latitude | E3: longitude | F3: humidite_pct | G3: ph | H3: ec_us_cm | I3: azote_mgkg | J3: phosphore_mgkg | K3: potassium_mgkg | L3: temperature_c | M3: liaison
A4: 1 | B4: 1 | C4: 2026-10-01 07:30 | D4: 6.9035577 | E4: -5.3239 | F4: 22.5 | G4: 5.75 | H4: 1105 | I4: 20 | J4: 14 | K4: 62 | L4: 26.9 | M4: BLE
A5: 2 | B5: 1 | C5: 2026-10-01 07:50 | D5: 6.9011192 | E5: -5.3231254 | F5: 24.5 | G5: 5.53 | H5: 809 | I5: 20 | J5: 12 | K5: 66 | L5: 27.3 | M5: BLE
A6: 3 | B6: 1 | C6: 2026-10-01 07:10 | D6: 6.9042377 | E6: -5.323974 | F6: 27.3 | G6: 6.27 | H6: 887 | I6: 15 | J6: 15 | K6: 68 | L6: 26.2 | M6: BLE
A7: 4 | B7: 1 | C7: 2026-10-01 08:30 | D7: 6.9013869 | E7: -5.32061 | F7: 25.4 | G7: 6.39 | H7: 1101 | I7: 19 | J7: 15 | K7: 69 | L7: 27.2 | M7: BLE
A8: 5 | B8: 1 | C8: 2026-10-01 08:50 | D8: 6.9043176 | E8: -5.3215259 | F8: 27.8 | G8: 6.14 | H8: 1088 | I8: 14 | J8: 10 | K8: 67 | L8: 26.2 | M8: BLE
A9: 6 | B9: 1 | C9: 2026-10-01 08:10 | D9: 6.9019312 | E9: -5.323596 | F9: 22.5 | G9: 6.2 | H9: 901 | I9: 17 | J9: 10 | K9: 67 | L9: 28.1 | M9: BLE
A10: 7 | B10: 2 | C10: 2026-10-03 06:50 | D10: 6.9125921 | E10: -5.3305635 | F10: 36.5 | G10: 5.88 | H10: 1340 | I10: 19 | J10: 13 | K10: 101 | L10: 26.2 | M10: WIFI
A11: 8 | B11: 2 | C11: 2026-10-03 06:10 | D11: 6.9127385 | E11: -5.3296286 | F11: 42 | G11: 5.48 | H11: 1268 | I11: 19 | J11: 9 | K11: 90 | L11: 26.9 | M11: BLE
A12: 9 | B12: 2 | C12: 2026-10-03 06:30 | D12: 6.9135055 | E12: -5.3317413 | F12: 40.9 | G12: 5.62 | H12: 1753 | I12: 20 | J12: 9 | K12: 91 | L12: 26.2 | M12: BLE
A13: 10 | B13: 2 | C13: 2026-10-03 07:50 | D13: 6.911051 | E13: -5.3306617 | F13: 43.1 | G13: 5.62 | H13: 1371 | I13: 25 | J13: 10 | K13: 87 | L13: 25.3 | M13: BLE
A14: 11 | B14: 2 | C14: 2026-10-03 07:10 | D14: 6.9104386 | E14: -5.3304902 | F14: 42.1 | G14: 5.64 | H14: 1285 | I14: 19 | J14: 13 | K14: 98 | L14: 26.9 | M14: BLE

Sheet Cultures_reference
A1: Fiches agronomiques de référence (plages optimales par culture)
A2: Valeurs indicatives — à confirmer auprès du CNRA / FAO EcoCrop avant usage réel (voir colonne Source).
A4: culture | B4: ph_min | C4: ph_max | D4: humidite_min_pct | E4: humidite_max_pct | F4: ec_max_us_cm | G4: temp_min_c | H4: temp_max_c | I4: source
A5: Manioc | B5: 5.5 | C5: 7 | D5: 20 | E5: 35 | F5: 2000 | G5: 25 | H5: 29 | I5: CNRA / FAO EcoCrop — estimation à vérifier
A6: Igname | B6: 5.5 | C6: 6.5 | D6: 25 | E6: 40 | F6: 1500 | G6: 25 | H6: 30 | I6: CNRA / FAO EcoCrop — estimation à vérifier
A7: Riz pluvial | B7: 5.5 | C7: 6.5 | D7: 30 | E7: 45 | F7: 3000 | G7: 25 | H7: 30 | I7: CNRA / FAO EcoCrop — estimation à vérifier
A8: Maïs | B8: 5.8 | C8: 7 | D8: 20 | E8: 30 | F8: 1700 | G8: 20 | H8: 30 | I8: CNRA / FAO EcoCrop — estimation à vérifier
A9: Banane plantain | B9: 5.5 | C9: 7 | D9: 30 | E9: 45 | F9: 1500 | G9: 25 | H9: 30 | I9: CNRA / FAO EcoCrop — estimation à vérifier
A10: Tomate | B10: 6 | C10: 6.8 | D10: 20 | E10: 30 | F10: 2500 | G10: 18 | H10: 27 | I10: FAO EcoCrop — estimation à vérifier
A12: Hypothèse : plages estimées à partir de l'agronomie générale (pH, texture, pluviométrie). À remplacer par des valeurs confirmées avant toute utilisation sur le terrain.

Sheet Analyses
A1: Analyse par campagne et par culture candidate
A2: Les moyennes et écarts-types sont calculés à partir de la feuille Mesures ; le score et les recommandations comparent ces moyennes aux plages de Cultures_reference.
A4: id | B4: campagne_id | C4: nom_parcelle | D4: culture_candidate | E4: n_points | F4: moy_humidite_pct | G4: ecart_type_humidite | H4: moy_ph | I4: moy_ec_us_cm | J4: moy_temp_c | K4: score_humidite | L4: score_ph | M4: score_ec | N4: score_global | O4: classe | P4: recommandations
A5: 1 | B5: 1 | C5: =INDEX(Campagnes!$C$4:$C$5,MATCH(B5,Campagnes!$A$4:$A$5,0)) -> Champ Nord | D5: Igname | E5: =COUNTIF(Mesures!$B$4:$B$14,B5) -> 6 | F5: =AVERAGEIF(Mesures!$B$4:$B$14,B5,Mesures!$F$4:$F$14) -> 25 | G5: =SQRT(SUMPRODUCT((Mesures!$B$4:$B$14=B5)*(Mesures!$F$4:$F$14-F5)^2)/(E5-1)) -> 2.2821043 | H5: =AVERAGEIF(Mesures!$B$4:$B$14,B5,Mesures!$G$4:$G$14) -> 6.0466667 | I5: =AVERAGEIF(Mesures!$B$4:$B$14,B5,Mesures!$H$4:$H$14) -> 981.83333 | J5: =AVERAGEIF(Mesures!$B$4:$B$14,B5,Mesures!$L$4:$L$14) -> 26.983333 | K5: =IF(AND(F5>=INDEX(Cultures_reference!$D$5:$D$10,MATCH($D5,Cultures_reference!$A$5:$A$10,0)),F5<=INDEX(Cultures_reference!$E$5:$E$10,MATCH($D5,Cultures_reference!$A$5:$A$10,0))),1,IF(OR(F5<INDEX(Cultures_reference!$D$5:$D$10,MATCH($D5,Cultures_reference!$A$5:$A$10,0))-0.15*(INDEX(Cultures_reference!$E$5:$E$10,MATCH($D5,Cultures_reference!$A$5:$A$10,0))-INDEX(Cultures_reference!$D$5:$D$10,MATCH($D5,Cultures_reference!$A$5:$A$10,0))),F5>INDEX(Cultures_reference!$E$5:$E$10,MATCH($D5,Cultures_reference!$A$5:$A$10,0))+0.15*(INDEX(Cultures_reference!$E$5:$E$10,MATCH($D5,Cultures_reference!$A$5:$A$10,0))-INDEX(Cultures_reference!$D$5:$D$10,MATCH($D5,Cultures_reference!$A$5:$A$10,0)))),0,0.5)) -> 1 | L5: =IF(AND(H5>=INDEX(Cultures_reference!$B$5:$B$10,MATCH($D5,Cultures_reference!$A$5:$A$10,0)),H5<=INDEX(Cultures_reference!$C$5:$C$10,MATCH($D5,Cultures_reference!$A$5:$A$10,0))),1,IF(OR(H5<INDEX(Cultures_reference!$B$5:$B$10,MATCH($D5,Cultures_reference!$A$5:$A$10,0))-0.15*(INDEX(Cultures_reference!$C$5:$C$10,MATCH($D5,Cultures_reference!$A$5:$A$10,0))-INDEX(Cultures_reference!$B$5:$B$10,MATCH($D5,Cultures_reference!$A$5:$A$10,0))),H5>INDEX(Cultures_reference!$C$5:$C$10,MATCH($D5,Cultures_reference!$A$5:$A$10,0))+0.15*(INDEX(Cultures_reference!$C$5:$C$10,MATCH($D5,Cultures_reference!$A$5:$A$10,0))-INDEX(Cultures_reference!$B$5:$B$10,MATCH($D5,Cultures_reference!$A$5:$A$10,0)))),0,0.5)) -> 1 | M5: =IF(I5<=INDEX(Cultures_reference!$F$5:$F$10,MATCH($D5,Cultures_reference!$A$5:$A$10,0)),1,IF(I5<=1.15*INDEX(Cultures_reference!$F$5:$F$10,MATCH($D5,Cultures_reference!$A$5:$A$10,0)),0.5,0)) -> 1 | N5: =AVERAGE(K5:M5) -> 1 | O5: =IF(N5>=0.8,"Adapté",IF(N5>=0.5,"Possible avec corrections","Déconseillé")) -> Adapté | P5: =TRIM(IF(K5<1,IF(F5<INDEX(Cultures_reference!$D$5:$D$10,MATCH($D5,Cultures_reference!$A$5:$A$10,0)),"Irriguer (sol trop sec); ","Drainer (sol trop humide); "),"")&IF(L5<1,IF(H5<INDEX(Cultures_reference!$B$5:$B$10,MATCH($D5,Cultures_reference!$A$5:$A$10,0)),"Chauler (pH trop acide); ","Amender (pH trop basique); "),"")&IF(M5<1,"Lessiver / réduire la salinité (EC élevée); ","")&IF(N5>=0.8,"Sol adapté, aucun apport majeur nécessaire.","")) -> Sol adapté, aucun apport majeur nécessaire.
A6: 2 | B6: 1 | C6: =INDEX(Campagnes!$C$4:$C$5,MATCH(B6,Campagnes!$A$4:$A$5,0)) -> Champ Nord | D6: Maïs | E6: =COUNTIF(Mesures!$B$4:$B$14,B6) -> 6 | F6: =AVERAGEIF(Mesures!$B$4:$B$14,B6,Mesures!$F$4:$F$14) -> 25 | G6: =SQRT(SUMPRODUCT((Mesures!$B$4:$B$14=B6)*(Mesures!$F$4:$F$14-F6)^2)/(E6-1)) -> 2.2821043 | H6: =AVERAGEIF(Mesures!$B$4:$B$14,B6,Mesures!$G$4:$G$14) -> 6.0466667 | I6: =AVERAGEIF(Mesures!$B$4:$B$14,B6,Mesures!$H$4:$H$14) -> 981.83333 | J6: =AVERAGEIF(Mesures!$B$4:$B$14,B6,Mesures!$L$4:$L$14) -> 26.983333 | K6: =IF(AND(F6>=INDEX(Cultures_reference!$D$5:$D$10,MATCH($D6,Cultures_reference!$A$5:$A$10,0)),F6<=INDEX(Cultures_reference!$E$5:$E$10,MATCH($D6,Cultures_reference!$A$5:$A$10,0))),1,IF(OR(F6<INDEX(Cultures_reference!$D$5:$D$10,MATCH($D6,Cultures_reference!$A$5:$A$10,0))-0.15*(INDEX(Cultures_reference!$E$5:$E$10,MATCH($D6,Cultures_reference!$A$5:$A$10,0))-INDEX(Cultures_reference!$D$5:$D$10,MATCH($D6,Cultures_reference!$A$5:$A$10,0))),F6>INDEX(Cultures_reference!$E$5:$E$10,MATCH($D6,Cultures_reference!$A$5:$A$10,0))+0.15*(INDEX(Cultures_reference!$E$5:$E$10,MATCH($D6,Cultures_reference!$A$5:$A$10,0))-INDEX(Cultures_reference!$D$5:$D$10,MATCH($D6,Cultures_reference!$A$5:$A$10,0)))),0,0.5)) -> 1 | L6: =IF(AND(H6>=INDEX(Cultures_reference!$B$5:$B$10,MATCH($D6,Cultures_reference!$A$5:$A$10,0)),H6<=INDEX(Cultures_reference!$C$5:$C$10,MATCH($D6,Cultures_reference!$A$5:$A$10,0))),1,IF(OR(H6<INDEX(Cultures_reference!$B$5:$B$10,MATCH($D6,Cultures_reference!$A$5:$A$10,0))-0.15*(INDEX(Cultures_reference!$C$5:$C$10,MATCH($D6,Cultures_reference!$A$5:$A$10,0))-INDEX(Cultures_reference!$B$5:$B$10,MATCH($D6,Cultures_reference!$A$5:$A$10,0))),H6>INDEX(Cultures_reference!$C$5:$C$10,MATCH($D6,Cultures_reference!$A$5:$A$10,0))+0.15*(INDEX(Cultures_reference!$C$5:$C$10,MATCH($D6,Cultures_reference!$A$5:$A$10,0))-INDEX(Cultures_reference!$B$5:$B$10,MATCH($D6,Cultures_reference!$A$5:$A$10,0)))),0,0.5)) -> 1 | M6: =IF(I6<=INDEX(Cultures_reference!$F$5:$F$10,MATCH($D6,Cultures_reference!$A$5:$A$10,0)),1,IF(I6<=1.15*INDEX(Cultures_reference!$F$5:$F$10,MATCH($D6,Cultures_reference!$A$5:$A$10,0)),0.5,0)) -> 1 | N6: =AVERAGE(K6:M6) -> 1 | O6: =IF(N6>=0.8,"Adapté",IF(N6>=0.5,"Possible avec corrections","Déconseillé")) -> Adapté | P6: =TRIM(IF(K6<1,IF(F6<INDEX(Cultures_reference!$D$5:$D$10,MATCH($D6,Cultures_reference!$A$5:$A$10,0)),"Irriguer (sol trop sec); ","Drainer (sol trop humide); "),"")&IF(L6<1,IF(H6<INDEX(Cultures_reference!$B$5:$B$10,MATCH($D6,Cultures_reference!$A$5:$A$10,0)),"Chauler (pH trop acide); ","Amender (pH trop basique); "),"")&IF(M6<1,"Lessiver / réduire la salinité (EC élevée); ","")&IF(N6>=0.8,"Sol adapté, aucun apport majeur nécessaire.","")) -> Sol adapté, aucun apport majeur nécessaire.
A7: 3 | B7: 1 | C7: =INDEX(Campagnes!$C$4:$C$5,MATCH(B7,Campagnes!$A$4:$A$5,0)) -> Champ Nord | D7: Tomate | E7: =COUNTIF(Mesures!$B$4:$B$14,B7) -> 6 | F7: =AVERAGEIF(Mesures!$B$4:$B$14,B7,Mesures!$F$4:$F$14) -> 25 | G7: =SQRT(SUMPRODUCT((Mesures!$B$4:$B$14=B7)*(Mesures!$F$4:$F$14-F7)^2)/(E7-1)) -> 2.2821043 | H7: =AVERAGEIF(Mesures!$B$4:$B$14,B7,Mesures!$G$4:$G$14) -> 6.0466667 | I7: =AVERAGEIF(Mesures!$B$4:$B$14,B7,Mesures!$H$4:$H$14) -> 981.83333 | J7: =AVERAGEIF(Mesures!$B$4:$B$14,B7,Mesures!$L$4:$L$14) -> 26.983333 | K7: =IF(AND(F7>=INDEX(Cultures_reference!$D$5:$D$10,MATCH($D7,Cultures_reference!$A$5:$A$10,0)),F7<=INDEX(Cultures_reference!$E$5:$E$10,MATCH($D7,Cultures_reference!$A$5:$A$10,0))),1,IF(OR(F7<INDEX(Cultures_reference!$D$5:$D$10,MATCH($D7,Cultures_reference!$A$5:$A$10,0))-0.15*(INDEX(Cultures_reference!$E$5:$E$10,MATCH($D7,Cultures_reference!$A$5:$A$10,0))-INDEX(Cultures_reference!$D$5:$D$10,MATCH($D7,Cultures_reference!$A$5:$A$10,0))),F7>INDEX(Cultures_reference!$E$5:$E$10,MATCH($D7,Cultures_reference!$A$5:$A$10,0))+0.15*(INDEX(Cultures_reference!$E$5:$E$10,MATCH($D7,Cultures_reference!$A$5:$A$10,0))-INDEX(Cultures_reference!$D$5:$D$10,MATCH($D7,Cultures_reference!$A$5:$A$10,0)))),0,0.5)) -> 1 | L7: =IF(AND(H7>=INDEX(Cultures_reference!$B$5:$B$10,MATCH($D7,Cultures_reference!$A$5:$A$10,0)),H7<=INDEX(Cultures_reference!$C$5:$C$10,MATCH($D7,Cultures_reference!$A$5:$A$10,0))),1,IF(OR(H7<INDEX(Cultures_reference!$B$5:$B$10,MATCH($D7,Cultures_reference!$A$5:$A$10,0))-0.15*(INDEX(Cultures_reference!$C$5:$C$10,MATCH($D7,Cultures_reference!$A$5:$A$10,0))-INDEX(Cultures_reference!$B$5:$B$10,MATCH($D7,Cultures_reference!$A$5:$A$10,0))),H7>INDEX(Cultures_reference!$C$5:$C$10,MATCH($D7,Cultures_reference!$A$5:$A$10,0))+0.15*(INDEX(Cultures_reference!$C$5:$C$10,MATCH($D7,Cultures_reference!$A$5:$A$10,0))-INDEX(Cultures_reference!$B$5:$B$10,MATCH($D7,Cultures_reference!$A$5:$A$10,0)))),0,0.5)) -> 1 | M7: =IF(I7<=INDEX(Cultures_reference!$F$5:$F$10,MATCH($D7,Cultures_reference!$A$5:$A$10,0)),1,IF(I7<=1.15*INDEX(Cultures_reference!$F$5:$F$10,MATCH($D7,Cultures_reference!$A$5:$A$10,0)),0.5,0)) -> 1 | N7: =AVERAGE(K7:M7) -> 1 | O7: =IF(N7>=0.8,"Adapté",IF(N7>=0.5,"Possible avec corrections","Déconseillé")) -> Adapté | P7: =TRIM(IF(K7<1,IF(F7<INDEX(Cultures_reference!$D$5:$D$10,MATCH($D7,Cultures_reference!$A$5:$A$10,0)),"Irriguer (sol trop sec); ","Drainer (sol trop humide); "),"")&IF(L7<1,IF(H7<INDEX(Cultures_reference!$B$5:$B$10,MATCH($D7,Cultures_reference!$A$5:$A$10,0)),"Chauler (pH trop acide); ","Amender (pH trop basique); "),"")&IF(M7<1,"Lessiver / réduire la salinité (EC élevée); ","")&IF(N7>=0.8,"Sol adapté, aucun apport majeur nécessaire.","")) -> Sol adapté, aucun apport majeur nécessaire.
A8: 4 | B8: 2 | C8: =INDEX(Campagnes!$C$4:$C$5,MATCH(B8,Campagnes!$A$4:$A$5,0)) -> Champ Sud (bas-fond) | D8: Riz pluvial | E8: =COUNTIF(Mesures!$B$4:$B$14,B8) -> 5 | F8: =AVERAGEIF(Mesures!$B$4:$B$14,B8,Mesures!$F$4:$F$14) -> 40.92 | G8: =SQRT(SUMPRODUCT((Mesures!$B$4:$B$14=B8)*(Mesures!$F$4:$F$14-F8)^2)/(E8-1)) -> 2.5907528 | H8: =AVERAGEIF(Mesures!$B$4:$B$14,B8,Mesures!$G$4:$G$14) -> 5.648 | I8: =AVERAGEIF(Mesures!$B$4:$B$14,B8,Mesures!$H$4:$H$14) -> 1403.4 | J8: =AVERAGEIF(Mesures!$B$4:$B$14,B8,Mesures!$L$4:$L$14) -> 26.3 | K8: =IF(AND(F8>=INDEX(Cultures_reference!$D$5:$D$10,MATCH($D8,Cultures_reference!$A$5:$A$10,0)),F8<=INDEX(Cultures_reference!$E$5:$E$10,MATCH($D8,Cultures_reference!$A$5:$A$10,0))),1,IF(OR(F8<INDEX(Cultures_reference!$D$5:$D$10,MATCH($D8,Cultures_reference!$A$5:$A$10,0))-0.15*(INDEX(Cultures_reference!$E$5:$E$10,MATCH($D8,Cultures_reference!$A$5:$A$10,0))-INDEX(Cultures_reference!$D$5:$D$10,MATCH($D8,Cultures_reference!$A$5:$A$10,0))),F8>INDEX(Cultures_reference!$E$5:$E$10,MATCH($D8,Cultures_reference!$A$5:$A$10,0))+0.15*(INDEX(Cultures_reference!$E$5:$E$10,MATCH($D8,Cultures_reference!$A$5:$A$10,0))-INDEX(Cultures_reference!$D$5:$D$10,MATCH($D8,Cultures_reference!$A$5:$A$10,0)))),0,0.5)) -> 1 | L8: =IF(AND(H8>=INDEX(Cultures_reference!$B$5:$B$10,MATCH($D8,Cultures_reference!$A$5:$A$10,0)),H8<=INDEX(Cultures_reference!$C$5:$C$10,MATCH($D8,Cultures_reference!$A$5:$A$10,0))),1,IF(OR(H8<INDEX(Cultures_reference!$B$5:$B$10,MATCH($D8,Cultures_reference!$A$5:$A$10,0))-0.15*(INDEX(Cultures_reference!$C$5:$C$10,MATCH($D8,Cultures_reference!$A$5:$A$10,0))-INDEX(Cultures_reference!$B$5:$B$10,MATCH($D8,Cultures_reference!$A$5:$A$10,0))),H8>INDEX(Cultures_reference!$C$5:$C$10,MATCH($D8,Cultures_reference!$A$5:$A$10,0))+0.15*(INDEX(Cultures_reference!$C$5:$C$10,MATCH($D8,Cultures_reference!$A$5:$A$10,0))-INDEX(Cultures_reference!$B$5:$B$10,MATCH($D8,Cultures_reference!$A$5:$A$10,0)))),0,0.5)) -> 1 | M8: =IF(I8<=INDEX(Cultures_reference!$F$5:$F$10,MATCH($D8,Cultures_reference!$A$5:$A$10,0)),1,IF(I8<=1.15*INDEX(Cultures_reference!$F$5:$F$10,MATCH($D8,Cultures_reference!$A$5:$A$10,0)),0.5,0)) -> 1 | N8: =AVERAGE(K8:M8) -> 1 | O8: =IF(N8>=0.8,"Adapté",IF(N8>=0.5,"Possible avec corrections","Déconseillé")) -> Adapté | P8: =TRIM(IF(K8<1,IF(F8<INDEX(Cultures_reference!$D$5:$D$10,MATCH($D8,Cultures_reference!$A$5:$A$10,0)),"Irriguer (sol trop sec); ","Drainer (sol trop humide); "),"")&IF(L8<1,IF(H8<INDEX(Cultures_reference!$B$5:$B$10,MATCH($D8,Cultures_reference!$A$5:$A$10,0)),"Chauler (pH trop acide); ","Amender (pH trop basique); "),"")&IF(M8<1,"Lessiver / réduire la salinité (EC élevée); ","")&IF(N8>=0.8,"Sol adapté, aucun apport majeur nécessaire.","")) -> Sol adapté, aucun apport majeur nécessaire.
A9: 5 | B9: 2 | C9: =INDEX(Campagnes!$C$4:$C$5,MATCH(B9,Campagnes!$A$4:$A$5,0)) -> Champ Sud (bas-fond) | D9: Banane plantain | E9: =COUNTIF(Mesures!$B$4:$B$14,B9) -> 5 | F9: =AVERAGEIF(Mesures!$B$4:$B$14,B9,Mesures!$F$4:$F$14) -> 40.92 | G9: =SQRT(SUMPRODUCT((Mesures!$B$4:$B$14=B9)*(Mesures!$F$4:$F$14-F9)^2)/(E9-1)) -> 2.5907528 | H9: =AVERAGEIF(Mesures!$B$4:$B$14,B9,Mesures!$G$4:$G$14) -> 5.648 | I9: =AVERAGEIF(Mesures!$B$4:$B$14,B9,Mesures!$H$4:$H$14) -> 1403.4 | J9: =AVERAGEIF(Mesures!$B$4:$B$14,B9,Mesures!$L$4:$L$14) -> 26.3 | K9: =IF(AND(F9>=INDEX(Cultures_reference!$D$5:$D$10,MATCH($D9,Cultures_reference!$A$5:$A$10,0)),F9<=INDEX(Cultures_reference!$E$5:$E$10,MATCH($D9,Cultures_reference!$A$5:$A$10,0))),1,IF(OR(F9<INDEX(Cultures_reference!$D$5:$D$10,MATCH($D9,Cultures_reference!$A$5:$A$10,0))-0.15*(INDEX(Cultures_reference!$E$5:$E$10,MATCH($D9,Cultures_reference!$A$5:$A$10,0))-INDEX(Cultures_reference!$D$5:$D$10,MATCH($D9,Cultures_reference!$A$5:$A$10,0))),F9>INDEX(Cultures_reference!$E$5:$E$10,MATCH($D9,Cultures_reference!$A$5:$A$10,0))+0.15*(INDEX(Cultures_reference!$E$5:$E$10,MATCH($D9,Cultures_reference!$A$5:$A$10,0))-INDEX(Cultures_reference!$D$5:$D$10,MATCH($D9,Cultures_reference!$A$5:$A$10,0)))),0,0.5)) -> 1 | L9: =IF(AND(H9>=INDEX(Cultures_reference!$B$5:$B$10,MATCH($D9,Cultures_reference!$A$5:$A$10,0)),H9<=INDEX(Cultures_reference!$C$5:$C$10,MATCH($D9,Cultures_reference!$A$5:$A$10,0))),1,IF(OR(H9<INDEX(Cultures_reference!$B$5:$B$10,MATCH($D9,Cultures_reference!$A$5:$A$10,0))-0.15*(INDEX(Cultures_reference!$C$5:$C$10,MATCH($D9,Cultures_reference!$A$5:$A$10,0))-INDEX(Cultures_reference!$B$5:$B$10,MATCH($D9,Cultures_reference!$A$5:$A$10,0))),H9>INDEX(Cultures_reference!$C$5:$C$10,MATCH($D9,Cultures_reference!$A$5:$A$10,0))+0.15*(INDEX(Cultures_reference!$C$5:$C$10,MATCH($D9,Cultures_reference!$A$5:$A$10,0))-INDEX(Cultures_reference!$B$5:$B$10,MATCH($D9,Cultures_reference!$A$5:$A$10,0)))),0,0.5)) -> 1 | M9: =IF(I9<=INDEX(Cultures_reference!$F$5:$F$10,MATCH($D9,Cultures_reference!$A$5:$A$10,0)),1,IF(I9<=1.15*INDEX(Cultures_reference!$F$5:$F$10,MATCH($D9,Cultures_reference!$A$5:$A$10,0)),0.5,0)) -> 1 | N9: =AVERAGE(K9:M9) -> 1 | O9: =IF(N9>=0.8,"Adapté",IF(N9>=0.5,"Possible avec corrections","Déconseillé")) -> Adapté | P9: =TRIM(IF(K9<1,IF(F9<INDEX(Cultures_reference!$D$5:$D$10,MATCH($D9,Cultures_reference!$A$5:$A$10,0)),"Irriguer (sol trop sec); ","Drainer (sol trop humide); "),"")&IF(L9<1,IF(H9<INDEX(Cultures_reference!$B$5:$B$10,MATCH($D9,Cultures_reference!$A$5:$A$10,0)),"Chauler (pH trop acide); ","Amender (pH trop basique); "),"")&IF(M9<1,"Lessiver / réduire la salinité (EC élevée); ","")&IF(N9>=0.8,"Sol adapté, aucun apport majeur nécessaire.","")) -> Sol adapté, aucun apport majeur nécessaire.
A10: 6 | B10: 2 | C10: =INDEX(Campagnes!$C$4:$C$5,MATCH(B10,Campagnes!$A$4:$A$5,0)) -> Champ Sud (bas-fond) | D10: Maïs | E10: =COUNTIF(Mesures!$B$4:$B$14,B10) -> 5 | F10: =AVERAGEIF(Mesures!$B$4:$B$14,B10,Mesures!$F$4:$F$14) -> 40.92 | G10: =SQRT(SUMPRODUCT((Mesures!$B$4:$B$14=B10)*(Mesures!$F$4:$F$14-F10)^2)/(E10-1)) -> 2.5907528 | H10: =AVERAGEIF(Mesures!$B$4:$B$14,B10,Mesures!$G$4:$G$14) -> 5.648 | I10: =AVERAGEIF(Mesures!$B$4:$B$14,B10,Mesures!$H$4:$H$14) -> 1403.4 | J10: =AVERAGEIF(Mesures!$B$4:$B$14,B10,Mesures!$L$4:$L$14) -> 26.3 | K10: =IF(AND(F10>=INDEX(Cultures_reference!$D$5:$D$10,MATCH($D10,Cultures_reference!$A$5:$A$10,0)),F10<=INDEX(Cultures_reference!$E$5:$E$10,MATCH($D10,Cultures_reference!$A$5:$A$10,0))),1,IF(OR(F10<INDEX(Cultures_reference!$D$5:$D$10,MATCH($D10,Cultures_reference!$A$5:$A$10,0))-0.15*(INDEX(Cultures_reference!$E$5:$E$10,MATCH($D10,Cultures_reference!$A$5:$A$10,0))-INDEX(Cultures_reference!$D$5:$D$10,MATCH($D10,Cultures_reference!$A$5:$A$10,0))),F10>INDEX(Cultures_reference!$E$5:$E$10,MATCH($D10,Cultures_reference!$A$5:$A$10,0))+0.15*(INDEX(Cultures_reference!$E$5:$E$10,MATCH($D10,Cultures_reference!$A$5:$A$10,0))-INDEX(Cultures_reference!$D$5:$D$10,MATCH($D10,Cultures_reference!$A$5:$A$10,0)))),0,0.5)) -> 0 | L10: =IF(AND(H10>=INDEX(Cultures_reference!$B$5:$B$10,MATCH($D10,Cultures_reference!$A$5:$A$10,0)),H10<=INDEX(Cultures_reference!$C$5:$C$10,MATCH($D10,Cultures_reference!$A$5:$A$10,0))),1,IF(OR(H10<INDEX(Cultures_reference!$B$5:$B$10,MATCH($D10,Cultures_reference!$A$5:$A$10,0))-0.15*(INDEX(Cultures_reference!$C$5:$C$10,MATCH($D10,Cultures_reference!$A$5:$A$10,0))-INDEX(Cultures_reference!$B$5:$B$10,MATCH($D10,Cultures_reference!$A$5:$A$10,0))),H10>INDEX(Cultures_reference!$C$5:$C$10,MATCH($D10,Cultures_reference!$A$5:$A$10,0))+0.15*(INDEX(Cultures_reference!$C$5:$C$10,MATCH($D10,Cultures_reference!$A$5:$A$10,0))-INDEX(Cultures_reference!$B$5:$B$10,MATCH($D10,Cultures_reference!$A$5:$A$10,0)))),0,0.5)) -> 0.5 | M10: =IF(I10<=INDEX(Cultures_reference!$F$5:$F$10,MATCH($D10,Cultures_reference!$A$5:$A$10,0)),1,IF(I10<=1.15*INDEX(Cultures_reference!$F$5:$F$10,MATCH($D10,Cultures_reference!$A$5:$A$10,0)),0.5,0)) -> 1 | N10: =AVERAGE(K10:M10) -> 0.5 | O10: =IF(N10>=0.8,"Adapté",IF(N10>=0.5,"Possible avec corrections","Déconseillé")) -> Possible avec corrections | P10: =TRIM(IF(K10<1,IF(F10<INDEX(Cultures_reference!$D$5:$D$10,MATCH($D10,Cultures_reference!$A$5:$A$10,0)),"Irriguer (sol trop sec); ","Drainer (sol trop humide); "),"")&IF(L10<1,IF(H10<INDEX(Cultures_reference!$B$5:$B$10,MATCH($D10,Cultures_reference!$A$5:$A$10,0)),"Chauler (pH trop acide); ","Amender (pH trop basique); "),"")&IF(M10<1,"Lessiver / réduire la salinité (EC élevée); ","")&IF(N10>=0.8,"Sol adapté, aucun apport majeur nécessaire.","")) -> Drainer (sol trop humide); Chauler (pH trop acide);
